"message","warm"
"Hi, since this is a used phone I'm willing to offer you $115 for it. I really can't go any higher and I think it's a fair price. I can pick it up whenever is convenient for you.",FALSE
"Hi,  I saw your ad for your almost new IPhone 6 Plus. This is just the phone I have been looking for and it does look like it is in near perfect condition! Would you be willing to accept $115 for the phone? I could come pick it up today and give you the money in cash.  Looking forward to hearing back from you.",TRUE
"Hey,   I hope you are having a wonderful day!  I came across your listing for the Iphone 6 Plus.  It is the exact phone I've been looking to buy for work.  However, $155 is a little off of my price range.  Would you consider selling it for $115?  Thanks for the consideration!",TRUE
"Hi,  I am interested in purchasing the phone.  It is what I need and I would be so grateful to buy it from you.  However, I can only afford to pay $115 for it.  Please accept this offer.",FALSE
"Hi, I am interested in your iPhone 6.  You have it listed for 155 and I would like to offer you 115 because that is all that I can afford at this time.  Please respond ASAP because I need this for work if you would like to make this deal. Thank you!",FALSE
"I saw your add on Craigslist for the IPhone 6 Plus and would like to make you an offer.  I've been pricing these phones for a while and find that other similar phones are going for around $115.  Since it is a used phone, I believe this is a fair offer. Will you accept $115 for this phone?  ",FALSE
"Hey...thanks for taking time to read this. I really would like to buy the phone. I need a new one for work, but they will only spot me $115 to buy a new phone. Is there any way possible you sell me this phone at that price? It would be very much appreciated. ",TRUE
"Greetings, I hope you are well and having a great day this afternoon. I'm contacting you in regards to the IPhone 6 you have posted for sale. I understand you would like to receive $155 for the phone and I think that is a fair and reasonable price, however I was wondering If you would possibly consider taking $115 in cash. The reason I ask this is because I simply cannot afford to pay a penny more as this is all I have, but I really love this phone. Thank you for your time and possible consideration of my offer, any response would be greatly appreciated.",TRUE
"Hello, person. I am writing to you in order to buy the phone you're selling at exactly $115. Trust me you won't sell that thing for more than $100. I'm doing you a favor; that's not negotiable. We may arrange the meeting for this purchase of this equipment as soon as you receive my email. ",FALSE
"Hello,  I am interested in your Craigslist ad for the iPhone 6 plus. I would like to offer you 115 dollars for it. This offer is fair based on current market rates, especially given that the phone has been used before and I am not purchasing from a company that can offer a guarantee. ",FALSE
"Nice phone and I would be willing to purchase it right now for slightly less.  Older models with 64  GB will not realistically bring what you are asking. I will give you $115 for the phone. That is a fair price and I can send payment however you wish, today.",FALSE
"I'll give you $115 cash for it right now.",FALSE
"Hi, I'm interested in purchasing this iPhone 6. I have $115 cash ready to deliver to you asap for immediate purchase. Please contact me back with address to pick it up. Thank you",FALSE
"I viewed your phone online and it seems satisfactory. I have alloted a specific amount I will spend on the phone. I am writing to let you know I can purchase the phone immediately with cash. I am prepared to give you $115 in cash, but I must meet you today or I will pursue two other options.",FALSE
"Hello there I am very interested in your iPhone 6. This is the exact phone I've been looking for. I emailed you in hopes that you might consider taking a lower price. Would you possibly consider doing it for $115? This is all I have, I hope to hear from you soon. ",TRUE
"Hello! Saw the IPhone you are selling online and am very interested. The phone looks to be in great condition and I can see that it was well used. I like that the phone was used with the Otterbox which gives me extra confidence that the quality is great. At this moment I can only offer $115 for the phone, but I will let you know that I will fully appreciate the phone. Thank you!",TRUE
"Hi, I'd like to buy this phone. However, your asking price is far too high. The best I can do is $115.",FALSE
"Hi.  Good day!  I am interested in buying the IPhone 6 Plus.  I would like to buy it for $115 because I can not afford it anymore for $155.  I hope you will consider my offer.  Thank you very much!",TRUE
"Can you provide the phone's IMEI number? I'd like to call Verizon to make sure the phone hasn't been stolen. If it hasn't, I'm willing to pay $115.",FALSE
"Hello! I saw your ad about the Iphone you are selling. I was wondering if you would be willing to accept $115 for it? It looks like you took really good care of it and I would love to take it off your hands.",TRUE
"Hi I am very interested in your phone.  It is exactly what I have been looking for.  I would like to offer you 115 for it.  It would make me very happy to buy the phone today.",TRUE
"I'm interested in the phone you're selling. $155 is higher than I'm willing to pay, though. The phone is nearly 3 years old (the iPhone 7S will be out in a few months). I'll give you $115 for the phone, and that's as high as I'm willing to go.",FALSE
"Hi, I am very interested in the phone you are selling but I have a limit of 115. Really been looking for a phone like that and since it's not brand new I was hoping you could sell it to me for 115. Email me back. Thank you.",FALSE
"Hello,  I am very interested in you IPhone 6. I'll be straightforward with you, I have $115 cash or E-check that can be sent to you immediately. Please send me your Paypal and then you can arrange shipping to me. I can have the money in your hands within hours. ",FALSE
"Hi, I hope your day is going well. I am very pleased to see the phone you are offering for sale, as it is exactly what I need! I am on a very tight budget so I hope that you will be willing for accept $115 for the phone. It is the most I can pay. Please know that I would be so happy if I am able to buy this phone. I'm sorry that I can't offer more. If you are willing to accept my offer, perhaps I can do you a small favor as well, like mow your lawn or something. In any case if you accept my offer you would have my sincere and heartfelt gratitude.   Whether you accept my offer or not, I hope that this message finds you and yours well and happy. I hope you have a great day. :)",TRUE
"Hello! How are you? I'm very interested in buying the phone you are selling; it looks very nice! It's what I've been looking for. I wanted to check with you if you could lower me the price. I only have $115,  please let me know. I'm looking forward to hearing from you. Thank you very much! Have a great day!",TRUE
"Hey, I'm looking to pay 115 for the phone.  How does this sound to you?  If it's good, we can talk about a spot to meet.",FALSE
"Hello I'm interested in purchasing the IPhone 6. I am offering $115 for the IPhone. Please respond ASAP!",FALSE
"Good afternoon-  I am writing to you in reference to your Craigslist ad for your smartphone.  I am very interested in your item for sale and was wondering if you'd be willing to part ways for $115.  Its' the max I can offer due to budgetary restrictions.  I look forward to your response and thank you very much for your time.  Sincerely,  Jack Jackington VII",TRUE
"Hi, I see you are selling your phone. Since it is no longer brand new and is considered used, I believe $155 is way too high. I will offer you $115 cash. I believe this price is more appropriate for a used phone. Get back to me asap, my offer only stands for today.   Thank You, ME",FALSE
"I will offer you $115 for the phone. I've seen similar phones for this price, so it is a fair offer. I am willing to buy it from you now at that price, so you can get rid of it, but I will not pay more than $115.",FALSE
"The phone you have posted is exactly what I am looking for as I need a new phone for work.  But my budget is limited.  Therefore, I can only offer you $115 for your phone and no more.",FALSE
"Hello! I am interested in purchasing your phone. Would you kindly accept a lower bid? Perhaps $115?",TRUE
"Hello, I am interested in purchasing this phone. What color is it? And also does it have any warranty with it? I would like it for 115 if that is okay because money is very tight for me. ",TRUE
"Hello! I am looking to buy your phone, but I only have $115. I'm sure you are unlikely to get an offer for it, so accept my deal and take your money. Would you rather have $115 in your pocket now, or no money at all? ",FALSE
"Hello. I am interested in buying your phone. I don't like to haggle so I will give you my best offer of $115 dollars. It's the best I can offer and my only offer. Let me know if you are interested in selling for that price.",FALSE
"Hello there!  I noticed your post about your """"Almost new IPhone 6 Plus"""" that you are selling. It looks great and I would love to purchase it as soon as your available.  However, all I have is $115 and I was wondering if you'd be able to come down to that price? That's quite literally all I have at this time.   I completely understand if you can't come down to $115 but it would seriously make my year if you could. My offer will stay standing for as long as you need to think about it - no pressure.  Please get back to me when you have time, otherwise, I hope you have a nice week! :)  Thank you!",TRUE
"Hello,  I am glad your selling this phone. Is it still available? I would love to purchase it. Would you consider $115 for it? I can buy it today if that price works. Thank you.",TRUE
"I am interested in your IPhone 6 plus that you have for sale.  I think the price of $155 is too high.  It looks like some of the metal on the back is discolored.  I will give you $115 for it.  I don't think you will find a better price than that.",FALSE
"Hello. I see your offer to sell this used iPhone for $155. As this is an older model phone I can give you $115 today in cash. While this model is said to be pristine, it is still used. Also, while you state that it is unlocked with Verizon, Verizon also states they cannot guarantee it to work on other networks here in the states. $115 is my final offer, but I can pay that today if you would like to meet at a seller-friendly location. ",FALSE
"Hello,  I have 115.00 cash that I could meet you today to purchase the phone. ",FALSE
"Hi,        I'm responding to your ad about the iPhone for $155. Would you be willing to negotiate the price on it? This phone is exactly what I'm looking for, but it's a little bit out of my price range. The most I could pay would be $115. I can pay you cash today. Thanks for considering and have a great day! ",TRUE
"Dear seller,  I am very interested in purchasing your pristine Iphone 6 plus as a phone for my teenage daughter. Is the phone still available for sale? My daughter Clarice would absolutely be thrilled to show off such a spectacular phone to her friends. Please let me know if the phone is still available and if you would accept $115 cash for it.  Sincerely, Buyer",TRUE
"Hi! I was so glad to see your post about the IPhone you have for sale! It looks great! You have taken such good care of it! I really would love to purchase the phone. I am only able to give you 115 for it. But I can buy it and meet you today with the money. Please get back to me when you can! Thank you! Have a great day!",TRUE
"It is outrageous to think that you're selling this used phone for as much as you are. This amount would make sense if it was one of the phones that had 128gb memory, or if it were still in the box, but this is not the case. I will consider purchasing this phone off of you for $115. Contact me for more information.",FALSE
"Hi, my name is Kendra. I can see you have really taken care of the phone and it really looks almost new.  I am very interested in the phone you have for sale. It is exactly what I have been looking for to use at my job. My budget for a phone is only $115, would you accept that, all cash? ",TRUE
"I'm interested in your phone but I have a budget that I am trying to work with.  I think $115 is a fair offer for this phone.  Will you accept this?",FALSE
"Greetings! I just found your posting and it has been exactly what I am looking for. I am contacting you to see if it is still available. If so I would like to inquire into purchasing it. The only issue is that I can not afford the asking price of $155. If it is at all possible, would you be open to selling it for $115? I would drive to you so that you do not need to waste gas. Please let me know, thank you for your time. ",TRUE
"I am interested in your phone but at the price of exactly $115, and not a penny more, as it is used and I am not convinced it will work with my network. It is used and it may or may not work.",FALSE
"Hello, I recently came across your ad for the iPhone on Craigslist. I may be interested in this phone but only at a lower price. It isn't worth anymore than $115, and you won't get any more from anyone else. If you decide to sell the phone for $115 or less, I will buy it on the spot. I await your swift response, as there are other sellers waiting for me to decide which phone to buy.   Thank you.",FALSE
"Hi, what a great looking phone. It is the exact model that I have been looking for. What great shape you have kept it in; you most be really responsible. I am the same way, I'm looking to buy a new phone but I have only 115. Any way that we can make a deal? Have a great day!",TRUE
"I have been looking at your ad for the phone. I like the phone but I feel it's over priced. I am willing to go as high as $115. I feel that is a fair price.",FALSE
"I am interested in buying this phone right away, however,  I feel the price is too high compared to the same phone found on eBay. I am willing to offer $115 to purchase it ASAP. Please consider my offer because at your current price, you are not going to sell your phone any time soon. Please respond ASAP. I have cash in hand.",FALSE
"Hello I saw your post for the IPhone 6 Plus and I am interested in buying the phone from you. I see that you are selling the phone for $155 but I think that is a bit overpriced for the phone IMO. I can offer you $115 and I have the money on me as we speak. I am willing to come to you and pay as soon as you are ready. Please message me back if you are interested in my offer. Thank You.",FALSE
"Hi I'm very interested in buying the phone. My best offer is $115 firm, but I can come pick it up ASAP. Thanks!",FALSE
"Hello,  I am reaching out to you to express interest in your iPhone 6 you posted for sale. I would definitely like to buy it, however I can not agree to the asking price of $155. I think this is above the market price and I can't go any higher than $115. Let me know if this would work for you.",FALSE
"Hi my name is colin. I live nearby and see you have had this Iphone for sell for a while with no luck. I only have $115 to buy this phone. I can come to your location to make it convient for you. I would love to make this deal soon. Thanks",TRUE
"I'm interested in purchasing your phone. But my budget is tight, and there are other phones available, so I can only offer as much as $115. Please email me back if you're willing to accept my offer.",FALSE
"Hello,       I would like to offer you $115 for the IPhone 6 Plus you have for sale. I would really appreciate it as I have been looking for a phone for quite some time. I can pick the phone up ASAP, please let me know.   Thank you",TRUE
"Hello. I saw your ad and am interested in getting this phone. However, I only have $115 to spend. I need this for work so I'm wondering if you would be willing to accept the $115. Please let me know, thank you.",TRUE
"Hello, I was recently scrolling through Craigslist and I saw your post about the iPhone 6 Plus. This is my dream phone and I would be incredibly interested in purchasing it. My job gave me a budget of $115 and I cannot spend a penny more. Would you please consider this offer to purchase the phone? Thank you so much for your help, in advance. Best, ",TRUE
"I am interested in buying your product.  I can't quite meet your listed price.  I'm offering and ready to pay $115.  Thanks.",FALSE
"Good day! I came across your ad on Craigslist for the iPhone 6. I would love to buy it at the price of $115. Tell me what you think, thanks!",TRUE
"To whom it may concern,  I noticed that you have a listing for the iPhone 6 Plus 64GB phone. I am currently looking to purchase this phone today, but I only have $115 to pay for this phone. If you don't have any current sellers, would you mind lowering your price to $115 and I can purchase this phone immediately. If you have any other questions, please contact me. Thank you!",TRUE
"Hi!  It looks like you've kept the phone in great condition. I see your asking price, but it's a little more than I can really afford right now. Would you consider selling it for around $115?  Thanks",TRUE
"Hello, I am interested in your iPhone 6 plus. Would you accept 115 for the phone? I have cash and can come today. Thank you.",FALSE
"I am inquiring about your Apple iPhone for sale. I have an Android and am looking to switch. I can give you 115 dollars for it.",FALSE
"Hello.  I am interested in the phone.  I will only pay $115.  I have the money now so please let me know.",FALSE
"Hi, I am looking at your iPhone on the Craigslist and I am interested in buying the phone. I know you are asking for $155 but I can't make it up to that price. I do have $115 right now at the moment and I can buy the phone from you today if you are available. I have the cash on hand and I hope you are willing to sell it for that price. Thank you.",TRUE
"Hello, I am writing you to inform you that I am interested in purchasing the IPhone6 that you are advertising,but to be honest, the price of $155 is a bit much. I can give you cash immediately, but I absolutely will not pay more than $115 for this phone. I am available and can come to you as soon as possible. Please contact me at this phone number (***)***-****. Thank You. Sincerely, Buyer",FALSE
"Hi there - really great offer for the phone. I have been looking everywhere for this phone and came across your great post. I wanted to buy the for $115 - I promise to take great care of this and am super reliable in getting your money to you efficiently. Please let me know if you can come down to this pricing for this item. Would mean the world to me. Thank you~~",TRUE
"This phone is in mint condition and I am selling it for $115.",FALSE
"Hello,  I would be willing to buy this phone right now if the price is brought down to $115.",FALSE
"I will buy your phone for $115. That is the best I can do. I can't do a penny more. Let me know.",FALSE
"I need this IPhone. I will give you $115 for it. You must sell it to me.",FALSE
"Hello, I'm interested in your iPhone but $155 sounds kinda high. I was wondering if you would drop the price down to $115. I got it in my hand ready to go.",FALSE
"Hello, I am very interested in your phone! I think it looks great and is exactly what I have been needing, you have taken great care of it. I was hoping you would be willing to negotiate on the price, I can offer $115 for the phone. I still think that is a great deal for you and would benefit us both very much. I hope to hear from you soon, thank you!",TRUE
"Hello!  I saw your ad on Craigslist and that's the exact phone I've been looking for!  Unfortunately, it's higher than the budget my company's given me to purchase a new phone.  Is there any chance you'd be willing to part with it for $115?",TRUE
"Good morning. I'm really interested in purchasing this phone from you. I know the asking price is $155, but was hoping you might consider coming down to $115 on the price, as it's all I have to spend on this phone. I need it for work, and am on a maximum budget of $115 for a phone. I hope you'll please find it in your heart to considered my offer. I look forward to hearing from you. Have a wonderful day.",TRUE
"Hey, I am interested in buying the phone. It seems like a nice phone. I would like to buy it for 115. ",TRUE
"Hello,  I would like to purchase your IPhone 6 for sale. I will pay $115 for it and that is the absolutely highest that I will pay, absolutely no negotiation on the price. You need to sell the phone and I need to purchase one. Let's make this deal work for both of us. Accept my deal of $115 and you will no longer have to worry about finding another buyer, which may not even be out there. Plus you can be finished with the deal and be able to focus your time on more important matters in your life. It's a good deal for both of us so let's make it happen.  Thank you, Jamey",FALSE
"Hello, I see that you have the phone I have been looking for a long time. It looks like it is in great shape. Would it be possible to buy it for $115? Money is really tight this month and my kid has been sick all week, I have a lot of doctor bills. Thanks.",TRUE
"Hey, about the iPhone 6+, do you think we could make a deal on it? I've got a firm budget of $115, and I would be willing to trade something in addition to that. What do you think?",TRUE
"I am willing to give you $115 for your like new phone.Considering the condition and the fact that after all this is a used phone my offer is very fair.I am willing to make this deal as soon as possible as I am in the market for a new phone.",FALSE
"Hello there!  I couldn't help but notice this beautiful phone while I was looking through the listings. It looks like you took really great care of it! I would love to buy this phone from you, but am on a bit of a budget. I need the phone for work, and was hoping I might be able to negotiate with you. Could I possibly interest you in buying it for $115 cash? Thank you so much in advance for your consideration.",TRUE
"Hello, I'm interested in buying your phone asap. I am a serious buyer with $115 cash. Please contact me and I will be ready to make the transaction at your earliest convenience. Thank you.",FALSE
"I think this is a good product and is a great quality brand. I would like to offer $115 dollars for this product. I think this is a reasonable offer for this product.",TRUE
"I like your phone, but 155 is a more than I am willing to pay right now. I will give you $115 cash money today for it. Let me know soon, please. ",FALSE
"Hello, I am interested in the phone you have for sale. It looks like something that might work for me. Would you being willing to accept $115?",TRUE
"I really love the iPhone you have listed for sale.  You have obviously taken exceptional care of it.  I can only afford to pay $115 for a cell phone.  I would love to purchase your phone.  I would take loving care of it like you have.",TRUE
"Hey,  I think the most I can pay for your phone is $115. I have seen lot of other offers in Amazon selling around $100. If you can sell for $115 we can go ahead with the deal. I do not appreciate back and forth emails in this regard. Thank you.",FALSE
"Hi - I saw your IPhone 6 plus for sale on Craigslist. I'm interested but I can only spend $115. Will that work for you?",TRUE
"I just saw your advert on Craiglist and I am interested in purchasing.  I can offer you $115 for this iPhone.  I checked the prices of similar items on eBay and I think this is a very fair price.  I have also made an offer on a similar iPhone on eBay but if you accept my offer I will cancel the one I made on ebay.",FALSE
"Hi, I am looking for this exact iPhone.  My company is giving me $115 as my budget to buy a new phone, would you at all be interested in coming down in your asking price? Thanks so much.",TRUE
"Hi I am very interested in getting this phone.  Would you be willing to accept $115?  This would be a birthday gift for my daughter and unfortunately that is the most I can afford.",TRUE
"I am interest in purchasing the iPhone you have listed on Craigslist. I am willing to offer you $115 for the phone. I have seen several other phones in the same condition as yours for that price, but I will purchase yours first if you are able to sell the phone to me at the price I am requesting.",FALSE
"Hello, I'm interested in your phone. I've been looking for one like this, and as you describe it, it sounds pretty good. I'm trying to get one for my workplace, so as you might imagine, I'm on a pretty tight budget. I am able to offer you $115 for it.",TRUE
"I want this IPhone 6. It has exactly what I am looking for. I am offering $115 for it and no more.",FALSE
"I would like to get this phone from you but I only can come up with $115. IF I could come up with more I would. This is as close as I ever come to getting this type of phone I hope that you can see your way clear to take my offer it would",TRUE
"Hello, I'm interested in buying your phone. I have a firm budget and absolutely will not spend more than $115.  Let me know if this price is acceptable to you.",FALSE
"I could only go as high for $115,  final offer, if my offer's not acceptable then there's no need for discussion. I am strongly confident that my offer of $115 is the highest I could go and is absolutely fair in terms of the condition of the product that I am buying. Since it's already unlocked and used then my offer is very acceptable in my opinion, my final offer.",FALSE
"Hi,  I am interested in purchasing your iPhone 6. Compared to other listings of the same model in similar condition, your price is quite high. I can offer you $115 dollars for the phone and I am ready to purchase it today. Could we meet somewhere convenient for both of us so I can pick up the phone? Thanks.",FALSE
"Good afternoon! I hope you are well. I am very interested in your phone for sale, is there any way you would be willing to accept $115? That is my max allowance from work and this is just what I have been wishing for!",TRUE
"Hello, I love this phone, I think it great. Your offer is a very good one, but sadly I can't afford that. I would feel more comfortable at a price of $115. Thank you.",TRUE
"I'm really interested in your phone. I'm on a strict budget and could offer you $115 for it. Please text or call me at 727-889-7479. Thanks Steven.",TRUE
"Hello I am interested in your iPhone and would like to make an offer on it. This is my one and only offer so please do not resend me an offer as I will not even look at it. My offer is 115 as I believe that is fair for the age of the phone and style. Again this is my only offer so simply a yes or no.",FALSE
"Hello!  I just saw your post for the Iphone 6 Plus 64 GB for $155.  I am extremely interested in purchasing the phone and would be willing to pay $115.  I am able to pay cash and meet to complete the purchase anytime you are available.  Please let me know if you accept my offer, and if so when you are available to meet.  Thank you so much and hope to hear from you soon!  Best, ______",TRUE
"Hi!  Wow good post I really need a phone like this. I have $115 right now. It will be a miracle if you say yes, I will go to you and everything. Just tell me where to go and I will there in a few hours, same day. I can take it off your hands and give  you quick cash. At the same time you will help me out so much. I really appreciate it. ",TRUE
"I would like to purchase this item. However I will not pay more than $115. Please let me know if you accept my offer.",FALSE
"I saw your post for the iPhone on Craiglist. I'm interested, but not at the price you are offering. With the new models coming out, it is getting to be outdated so I can offer you $115.  That's a fair price given that the phone is used.  At $115 we have a deal, otherwise I'm going to pass.",FALSE
"The phone seems to be in fairly good condition but is a rather old model. I would like to offer $115 because that is a fair price for the phone. I am firm on that number and will not budge.",FALSE
"Hi there. I would love to make an offer on this phone. I can only pay $115. I also think it is a reasonable offer. I have seen others selling the phone for less. I look forward to hearing from you.",TRUE
"Hello, I'd like to purchase this phone. I see your asking price is $155 but as it is used and not the newest model that Apple has, I will offer you $115 for the phone. ",FALSE
"I am interested in your IPhone6.  As it is used (although in good condition) and it is now dated, I am willing to offer $115.  This is the most I will offer.",FALSE
"Hello. I am looking for a phone, and I am interested in purchasing this one from you. My maximum budget is $115 cash. You can get this phone sold today! Very interested. Let me know.",FALSE
"I am interested in purchasing the IPhone that you are selling, however I don't believe the phone is worth $155.  I am skeptical of the pristine condition claims that you are making, and I don't want to purchase a poorly performing and/or damaged phone.  I am willing to offer $115 for the phone, and not a penny more.  I await your reply.",FALSE
"If you really want to sell it, I 'll take it for 115",FALSE
"Hello! This is exactly the phone I looking for. However, my employer has given me a budget of $115. Would you consider selling me this phone for $115? Thank you!",TRUE
"Hello,  I came across your ad for the phone are you selling.  It is exactly what I've been looking for, I would gladly pay the asking price however I'm extremely limited to $115.  I know this is a very low number for your product  when I actually feel ashamed for this offer.  Do you think you can help me?",TRUE
"I have $115 to spend on a phone and that is all. I can't go over that. I would like your phone. Sell it to me for $115",FALSE
"Hello.  I'm very interested in your phone.  Is it still available?  I have $115 to offer, would you be willing to accept that offer?  I'm shopping for a work phone and I've only been given a budget of $115 to spend.  Hopefully you will consider my offer.  Thank you. ",TRUE
"Hi, I really need that phone.  I have been looking for that phone for a while.  I can only pay $115 because I am on a strict budget.  I don't think you would be able to sell it for much more than that anyway.  ",FALSE
"I am interested in your phone for $115. I have a budget provided by my employer for this amount only. Contact me at your earliest convenience if this is acceptable.",FALSE
"I want to purchase this iPhone for $115, can`t go any higher.",FALSE
"I am willing to give $115 for your item. I certainly want it and need it for work. I am certain that you can settle for my offer.",FALSE
"Hi, I saw your ad for your Almost New iPhone 6 Plus 64GB for $155 and I was wondering if you might be able to take $115 for it. $115 is the max of my budget and I have been looking everywhere for this phone. I really would appreciate it if you can get back to me with your thoughts. Thank you so much!",TRUE
"Hi!  I saw your listing on Craigslist and am very interested in purchasing the phone.  However, I only have $115.  Is there anyway you could consider letting it go for a little bit less than your asking price?  Please consider it, as it is the exact phone I have been looking for.  Thank you in advance, and I look forward to hearing back.",TRUE
"Hello, I'm interested in buying the phone you put up for sale. I've been looking for this exact make, model and condition for a long time but I have a dilemma. I have a budget to how much I can possibly spend on this phone. My budget is $115. I know this is lower than you have listed but please understand that I can't go any higher and  will buy immediately.",FALSE
"Hello,  I have reviewed your posting, and I am interested in purchasing your phone.  However, I am only willing to pay $115 given its used condition.  The offer is only good for today, please respond as promptly as possible.  Thank you.",FALSE
"Hello there.  I came across your posting for the IPhone 6 and I am very interested in it. I was wondering if you would be willing to negotiate the price with me a bit. I could buy it for $115 and pick it up from you where ever is most convenient.  Thanks for all your time. Have a good day.",TRUE
"Hi, I am interested in the phone.  The most I can offer you is 115 dollars in cash.  That is my final offer, do you accept?",FALSE
"Hello, how is your day? I came across your ad and am very interested in making you an offer. However I can only offer you $115 due to money issues. Will you be willing to accept this offer? ",TRUE
"Hello,  I am interested in the iPhone you have listed. However, I cannot afford the $155 price. The very most I can pay is $115. Would you be willing to sell at a lower price? I would really appreciate your consideration.   Thank you very much. ",TRUE
"Hello,  Hope you are doing well.  I recently saw your posting for the iPhone 6 Plus for sale and I am interested.  I would love to come by and buy it from you today. I can pay you in cash.  Would you be willing to sell it to me for $115 paid in cash today?  Thanks so much. I really appreciate it.",TRUE
"Hello! I see that you are selling an IPhone 6 Plus 64GB version. I see that you took good care of it, so I am sure it works as new as you've claimed. My only issue is that the price is a tad too high for my liking. I can offer $115 for it.",TRUE
"Hello, I see you are selling your phone at about 155. I want to make an offer of $115. It looks great and willing to take off your hands. So can you please write back with your offer.",TRUE
"Hello, I am very interested in the phone, but I can only pay $115 for it. I can pay you in cash, and I can meet you today to pick it up. Let me know if that works, and we can set up a time to meet up. Thanks!",FALSE
"So here's the deal, I have a friend that has this EXACT phone that they are willing to sell me for $75 (yes, only $75). Your phone is in much better shape, and I'd love to buy it from you. Here's the thing, though. I would not pay a penny over $115 for this phone. Sound good? It's an older model, so $115 is asking a lot. If that doesn't work for you, I'll buy my friend's phone for $75.  That's my offer.",FALSE
"Hello, I am interested in the Iphone that you have listed.  I am offering you $115.00 in immediate cash.  I can come pick the phone up immediately.  Please give me a call when you are ready to set up a meeting time.",FALSE
"Hi there! I  m really interested in buying your phone and was wondering if you are flexible with the price. I would like to offer you $115, but I understand if the price is fixed. Let me know what you think. Thank you!",TRUE
"Hello. I am very interested in the 64 GB iPhone 6 for sale. My budget limit is $115, so that's my maximum and only offer. Prompt payment is assured!",FALSE
"Hello, you have the perfect phone that I need and want.  The problem is that I only have $115. If you sell this phone to me I will give it a good home and take care of it.",TRUE
"Hey friend,  I am absolutely in love with your phone. This is exactly what I've been looking for. I know you're asking $155 which I think is a totally fair price, but I find myself in a situation where I cannot spend anymore than $115 on this phone. Would you be willing to help me out and take $115 for it today? I would really appreciate it.  Hope you're doing well, X",TRUE
"Please accept my offer of $115. That's s a very fair offer for the used phone you're selling. I won't go any higher than $115.",FALSE
"Hello, I saw your ad online and would like to make an offer of 115 dollars.  That is the best offer i can give to you.  Please contact me if you are interested.",FALSE
"Hello. I would like to purchase this item for exactly $115 cash. I will meet you in any reasonably close location and am willing to work around your schedule to best fit your needs. You will not regret your decision. Thank you.",FALSE
"Good Afternoon,  I saw that you are currently selling an iPhone 6 and I am interested in buying this from you. I was given a budget of $115 to purchase a new phone and was wondering if you would be able to meet me at this price point. If you are interested, please feel free to reach out to my email! Thank you for your consideration and I hope you have a great day.  Sincerely, Phone-Buyer",TRUE
"Hello, The phone looks great! I have been looking for one. I have $115 that I can give right now for the phone.",TRUE
"Dear Seller, I would like to buy this phone, but my current budget is $115; I will appreciate if you accept the deal. Moreover, I would like to know whether you have got the bill and other accessories along or not. Thanking you in advance. Regards, Buyer.",TRUE
"I saw your listing. I'd like to see the phone details.  If everything is acceptable I'll offer $115 for the phone, firm.",FALSE
"Hi, I was wondering if you would accept $115 for the iphone. It looks like it is in good condition, and you seem like a nice person. Looking forward to meeting you.",TRUE
"Hi I saw your ad and really like this phone. I am on a tight budget and was wondering if you could help me out. I have $115 for your phone. I hope your willing to think about it.",TRUE
"Hi,  I hope this message finds you well. I'm following up regarding the posting of the iPhone 6. This looks like a really good find. Is there a chance you're open to lowering the price? I can offer you $115 immediately.  Please feel free to reach if you have any other questions. Thanks!",TRUE
"Hello, I'm interested in your advertisement about the IPHONE 6 Plus 64 GB. I am looking at a couple others listing for the same exact model, also in relatively """"almost new"""" state, but my offer is $115, no more before I take my offer elsewhere. I can assure you that you won't find a higher offer than this for an IPHONE 5 plus 64gb in your condition as I've already done my research.",FALSE
"Hey I would like too offer $115 for the cell phone. I like the deal but I need cheaper.",TRUE
"I would like to buy your phone, but I think the price is a bit too high. Will you accept $115?",FALSE
"Hello, I am very interested in buying your iPhone! I am however on a budget. I have cash in hand and can meet you today if you are willing to take $115. Thank you for your time. ",TRUE
"I came across your listing and I am interested in the phone you have listed. From your post and pictures it seems like it is in good condition, but since it is used I wouldn't be willing to go any higher than $115. Let me know if that price will work for you.",FALSE
"Hi there!  I think this phone is fantastic and very attractive.  Listen, I'm  seriously considering making an offer, and don't want to offend, but would you be willing to take $115?  ",TRUE
"Hello  there,   I am interested in purchasing your new iPhone that is for sale. I was wondering if you cold provide with the ESN so that I can be sure it is clean myself before purchasing. However, as a recent college graduate I am on a tight budget. I desperately need a phone for work. Would you be willing to take $115 for the phone? I look forward to hearing from you! Thank you and have a nice day.",TRUE
"Hello, I happen to be in the market for a like new IPhone 6 you are selling. Unfortunately it appears to be outside of my current budget for now. I know its a long shot but I figured it would not hurt to inquire about possibly selling below your current asking price for $115? I can send/deliver payment at your earliest convenience via cash,  Paypal or Google Wallet.  I understand if this is an unappealing/unreasonable request.",TRUE
"Hi,  you have a great phone there. I would like to make you an offer of $115. I am willing to take it out of your hands asap. ",TRUE
"I am very interested in your cell phone. It appears to be in great condition. I would be willing to offer you $115 for it. Please let me know if this price sounds reasonable to you.",TRUE
"I am interested in your IPhone 6. I am willing to offer $115 for the phone, considering it has been used and it is an old model. I will buy this immediately for my offered price. ",FALSE
"Hi, I'm interested in buying your iPhone. I would like to offer you $115 for the phone. Please let know what you think. I will be expecting your reply",FALSE
"Hi!  I am writing in regards to your iPhone 6 for sale.  I was very interested in the phone as it is exactly what I've been looking for!  However, it is a little out of my price range.  Would it be possible to negotiate?  I can offer you 115 cash on the spot or I can arrange a payment plan if something like that would be reasonable to you.  Please let me know.  Thank you for your time and I look forward to hearing from you.  Best,  Jfjgje Hdfgje",TRUE
"Hello, I've seen your ad regarding the iPhone 6+ and I'm interested in purchasing it.  I'm offering $115 because I think that is the most it is worth.  There are newer phones out and I think this is a fair price given the condition and availability of these phones.",FALSE
"Hello, I am interested in this phone. I think that because it is """"almost"""" new that perhaps the price should be lower. I am willing to buy it right now for $115 if you are interested.",FALSE
"I only have $115 and I won't go over this price.",FALSE
"Hello, I am interested in buying your iPhone. I am interested in giving you $115 for it. Please respond, thank you.",FALSE
"Hello, I am interested in your Iphone 6. Although I am highly interested the price is simply too high. I have a few different offers on the table for $115 so I will not pay you any more than that. Let me know by the end of the day if you are interested. Thanks a lot.",FALSE
"Hello, I am Emma and have been searching for this type of smartphone for a long time. I have around $115 cash. Hope you consider my offer; your reply would be greatly appreciated. Nice time.",TRUE
"Hi! I hope you're doing well. I'm very interested in buying this phone, but was wondering if you might lower the price a little, to $115. For $115, I'll buy the phone immediately. Let me know if that works for you.  Looking forward to hearing from you!  Sarah ",TRUE
"Hello, I am interested in buying your Iphone 6 Plus 64GB. However, your price isn't in my budget and I was wondering if you would accept $115 in cash by today? Thank you for your time and hope to hear from you soon.",TRUE
"To whom it may concern, This phone is out of the box and can be used. I only see the back of the phone and there are no accessories to be seen. The price at $155 is way too high. My best offer would be $115. Take it or leave it.  Best, Chris",FALSE
"This is the phone I am looking around for. I am currently without a phone and I need this IPhone. You seem you can't get a deal for your initial offer and I know you want to get rid of it so, I want to relieve you and offer you 115 dollars.",FALSE
"Good afternoon,   I am interested in purchasing your Iphone 6 plus listed for $155. While I understand that the phone has been in an Otter Box throughout the duration of its life, I am still purchasing a phone that has been previously used and have no way of knowing what associated risks I am getting with it. As a result I would like to purchase the phone for $115 and can pick it up this afternoon.   Thank you",FALSE
"I really need $115 for this. I can not go lower. If you don't want it, no problem.",FALSE
"Hello, how are you? I wanted to email you about possibly purchasing the iPhone 6 you have advertised. This phone looks amazing, and I was so excited and fortunate to come across this. I have $115 dollars to offer for this phone. I hope you have a nice day and thank you!",TRUE
"Hello, I see on (insert website) that you are selling a Iphone 6 plus. I have really been looking for this phone for a while now. Is there any chance you could take $115 instead of $155. You would absolutely make my day if you could. Thanks either way.",TRUE
"I am very interested in your phone. However the absolute maximum price I can afford to pay is $115. I am hoping this will be acceptable for a deal.",FALSE
"Greetings,  I hope you are doing well. I saw your post for the IPhone 6 Plus. Is there any possible way you would take $115 for the phone? This all I have in my budget for a new phone.  Thank you for your time and consideration, and I look forward to hearing from you.",TRUE
"I'll take it off your hands for $115. Cash. I can meet you anywhere.",FALSE
"I am very interested in your IPhone 6 Plus with 64 GBs. It is exactly the phone that I have been searching for. I need this type of phone for work but haven't been able to find one. I do have a small problem in that I only have $115 to buy this phone. I am asking you to consider my offer knowing that I would give your a good home and it would help me to do my job so much better. I appreciate that you took such good care of your phone and pledge to do the same. Please let me know your thoughts.",TRUE
"Hi, I would like to buy your phone and I can meet you anywhere or even at your home at any moment. However, I only have $115 to offer for phone. Sell me the phone and I can give you the money within minutes and you wouldn't even have to leave the house.",FALSE
"Hello, I am wondering if your phone is still available for purchase? I would like to purchase the phone but am wondering if you negotiate on the price. I have $115 dollars allotted for a new phone and need to stay within my budget. Are you able to decrease the price to meet me at $115?",TRUE
"I will buy the phone as is for $115. I don't want to pay more than the amount that I stated. If you accept my price please contact me within 24 hours. If I don't hear from you in the next 24 hours I will take it that you will accept my price.",FALSE
"I am very interested in the IPhone 6 you have for sale. I am willing to offer you $115 cash and can pick it up today. I need this phone for work and my budget is $115, are you willing to deal?  Thank you for your time.  VR  CG",FALSE
"Hey friend! Good evening. First of all let me just start up by saying I'm so glad I found your listing since I've been looking for a long time for this phone in this price range. You see, I need it for work and it has been a hassle not being able to complete my work because I don't have this phone. The only downside is that my budget is $115, I know its a lot to ask but is it possible we could reach an agreement? I would deeply appreciate it. Thanks in advance! Have a lovely day.",TRUE
"I would like to purchase your phone for 115 dollars. No exceptions.",FALSE
"Hi, I am really interested in purchasing your IPhone 6 plus. It is exactly what I am looking for, and I need it to be able to complete my assignments at work. The only problem is I have a strict budget of $115. I would love to purchase your IPhone 6 plus, but I can't go any higher than $115. Is there any way you can cut me a break?  ",TRUE
"I am willing to offer 115 to buy this phone. I am very firm on the price. I believe we can both get a great deal on this sale.",FALSE
"Hi, I'm interested in this iPhone. The offer looks great, but I'm not willing to go that high. How does $115 sound?",FALSE
"I would like to buy this phone at 115 dollars. I know you have 155 for the price but I know it's only worth 115 in that condition on the local market. My offer is as high as I will go and we have a deal correct?",FALSE
"Dear Seller: I am very interested in the iPhone 6 you have listed at Craigslist.  This is exactly what I am looking for and will love to get it. I would love to give you the $155 you are asking for. However, my budget is allowing $115.  I have excellent payment history with eBay with proof.  Please contact me to help you complete this sale.  Thanks.",TRUE
"I am interested in the phone you have for sale. At this time I can offer $115. Firm. Please let me know.",FALSE
"Hello, I am currently interested in your iPhone 6 Plus 64GB. I see that you're looking for $155 but I am fairly sure it is worth a bit less considering it is no longer the latest model. I'll offer you $115 if you're willing to sell at that price. Let me know as soon as possible as I my offer may not last long as it is fairly likely that I will find what I want sooner or later.",FALSE
"Hi, I recently saw your post on Craigslist. The phone looks like it's in amazing condition. You seem like a person that really takes care of their things. I would like to purchase the phone for $115. Would you agree to this price.  Thanks.",TRUE
"Good afternoon, I'm very much interested in your post, as this is the exact make and model of phone I've been searching for (for work). Unfortunately, my job has only allotted me $115 for a work phone. I'll be using this phone everyday, so I'm really hoping to get a nice model like this one. Please let me know if you'd be willing to accept $115 for the phone.   Thank you so much for your consideration! Annie",TRUE
"I'm extremely interested in the iPhone you have for sale, it's in great shape!  It's nice to see that some people do a good job of taking care of their belongings.  However, it's a little over my budget.  Would you be willing to sell it for $115?",TRUE
"Hello, I would like to make an offer on your phone. My best offer would be $115. Please let me know if this is acceptable. Thanks, ",TRUE
"Hello, I saw your listing for this phone and I am interested in buying from you. Can you do a bit better with the price for me, I would make the purchase right away if you could sell it for $115. I would really like to buy it from you at that price. Thank you and please let me know.",TRUE
"Super interested in your iPhone. The highest I can go is $115 though. I can pick it up today. Let me know!",FALSE
"Hello. I am really interested in your phone. This is exactly the phone I was looking for. Unfortunately my maximum budget is of $115. Your offer of $155 is very justified but I cannot go that high. I would really, really appreciate it if you would lower your offer to meet my budget. Thank you.",TRUE
"Hi, I have been searching for an iPhone 6 at a low price and ran into your post. Am I glad I ran into your post. I have 115$ in cash right now. What do you say?",TRUE
"I am interested in purchasing this phone at a price of $115.  While I realize that it may be less than listed, I will pay cash in hand.  Please let me now if you are interested.  In the meantime, I will continue to look for a phone to purchase as I am looking to obtain one quickly.  Thank you!",FALSE
"Hi, I'm interested in buying the phone. I would like to pay 115 for the phone. Please respond.",TRUE
"Hello. I am interested in purchasing your 64GB iPhone Plus phone. I see you have it list for $155. I am prepared to give you $115 cash if we can meet up today. I'm only in town for one more day so this will be my only offer. Please contact me as soon as possible, if interested.",FALSE
"I am interested in purchasing your current Iphone.  I have read your post and am prepared to offer you $115 for the Iphone.  My offer is firm.  Please contact me as soon as possible.",FALSE
"Hi! I'm very much interested in purchasing this phone. The $155 price is really great for the quality of phone. However, I have a really strict budget of $115. I am in need of a new phone for work, and this is the exact phone I have been looking for. If you would be so generous as to accept my offer, I will pick up the phone from you at your convenience. Thank you for your consideration!",TRUE
"Hello,  I will give you $115 for the iPhone 6Plus. Please let me know if you accept my offer. Thank you very much for your time.  ",FALSE
"Hello! I was very excited to find your ad as. This is exactly the phone I need for work and for which I've been searching for a long time. Unfortunately I am on a very limited budget and I can only afford to spend $115 for a phone. But if you can accept my offer of $115, I will meet you anywhere and anytime and pay you with CASH. Thank you for your consideration of my offer. Have a good one!",TRUE
"I really like this phone and can pay you $115 right now.",TRUE
"Hello,  I've been looking for this exact phone for my job forever!  I can't believe you have it... the problem is that they will only allow me $115 to buy it.  Do you think you could possibly come down to that price for me?  I would really really appreciate it.  It would make my life at work so much easier.  Thanks so much for your consideration,  Me",TRUE
"Hello,   Oh my goodness, I'm so excited to see your listing. The phone is EXACTLY what I have been searching for! And I can tell from your description and the photo that it's just perfect, too. I can almost hear it ringing in my pocket right now! What's that? Hello? So, happy to hear from you. Sorry, sorry. I'm getting ahead of myself. Soooo, I was wondering if there was any way that you might consider taking a little bit less for this phone? It's absolutely everything I've been looking for but my bosses &lt;grrrrr!!!&gt; will only give us $115 to get this phone. I know! Can you believe it? Is there any way you could absolutely make my day and say """"yes"""" to $115? I'd be so, so grateful. Just let me know when you can. Thanks so much. :) ",TRUE
"Hi. I saw the IPhone 6 Plus you have for sale. It sounds like you took really great care of it. It is just the phone I've been looking for for a long time. I would love to offer your full asking price, but I have a $115 budget limit to work with. When you have a moment, let me know if that will be enough to purchase this great phone. And, of course, let me know if you have any questions for me. Thank you, and have a great day!",TRUE
"How firm are you on that price? I have 115 cash right now. I can pick the phone up and I can came to you right away. If you want the money shoot me an email back or give me a call at 414-123-4567",FALSE
"I will by this phone from you for 115.00",FALSE
"I am looking for a phone for work. I can pay $115 and no more for this phone. Will you accept that offer?",FALSE
"What a great find! Thanks for putting it up for sale. Would $115 be OK?",TRUE
"I am interested in your listing for an iPhone 6 plus. I would be willing to pay $115 as it is not in brand new condition.",FALSE
"Hi, I am interested in your iPhone for sale. It looks great and is just what I am looking for. I can offer you $115 cash for the fine and that is as high as I am willing to go. Let me know if you want to make the deal.",FALSE
"Hey there,  I came across your posting on Craigslist and was wondering if you would consider going just a bit lower on the asking price. I have an extremely strict budget of 115.00. With that being said I'm currently free & could be heading in your direction as soon as possible cash in hand if you were to agree. I desperately need a new device for work and without one it will make my work just about impossible. I would be so appreciative if you were to consider my offer.  Hope your day is going well -interested buyer",TRUE
"Hi, I recently saw your ad on Craigslist. I have been looking to purchase the exact phone you have listed. However, I feel the price is a bit high as the phone is used. I know you are asking $155. However, I am willing to pay no more than $115. You can contact me if you're interested in lowering the price.",FALSE
"Hello, I saw your post selling your iPhone and I'd like to purchase it. I'm willing to pay $115 cash ASAP. Please get back to me.",FALSE
"Hey, how are you. Just saw your post on Craigslist. I am interested in the phone but $155 does not interest me. I will pay $115 but no more. This type of phone is already losing value and is to no value to you sitting so $115 is a great deal for you.",FALSE
"Good morning! I am very interested in purchasing your Iphone 6 plus. It looks like it is in great condition. It is just what I need for work. However, my employer has given me a budget of $115 dollars to spend. I am really hoping that you can help me out. Thank you, and I look forward to hearing back from you!",TRUE
"Dearest seller,  I am writing in response to your post about the almost new iPhone 6 Plus. Unfortunately, I cannot pay you the full 155 dollars for this product. :( I was wondering if it would be possible to take this off your hands for $115? I'm very sorry, but it's all the money I have. I would be eternally grateful if you could help me out and make a deal. Thank you in advance!",TRUE
"Hi!  I have been looking for this exact phone for a long time now, and I am excited to finally be able to buy one.  Unfortunately I cannot afford your stated price of $155.  Is there any way I can get this phone for $115?  I have looked through my finances and there is no way for me to pay the amount you are asking, but I really want this phone.  Is there any way we can negotiate a different deal?  You are the only person I have found selling the exact make and model of phone that I have been looking for.  If you feel like you can negotiate with me please contact me at, my@email.address.  I hope we can work something out!",TRUE
"Hi, I've been looking for a phone like this one and I was happy to see your post today.  I can come by immediately with cash if you'd be willing to take $115.  I'm sorry I can't offer more.  You'd be doing me a great favor.  Thanks so much for considering my offer.",TRUE
"I'll give you $115 for it. Take it or leave it. I don't think you'll ever sell it at $155",FALSE
"Hello friend. I will give you $115 for the phone. Can you please help out someone that needs it but doesn't have 155 dollars right now?",TRUE
"Hello there! I really admire your post about the IPhone 6 64GB Factory unlocked new in box on Craigslist. The pictures and details you posted make me feel confident about the quality of these goods. It's rare to find postings as nice as these on Craigslist. I'm absolutely sold on the phone, but I have a maximum budget of $115 to spend. I am willing to meet you at your earliest possible convenience at a location most convenient to you. Thank you again! Looking forward to hearing from you.  Best, Ryan",TRUE
"Hey there,  I saw your ad posted for the iPhone 6 you have for sale. I'm very interested and have been looking for this exact model for my work phone. I was wondering if you would be willing to come down on price? I can offer $115 and I'll pay cash and pick up as early as today. Hope to hear back from you soon!",TRUE
"I will offer you $115 for the phone. As it's already been used with an Otter Box case, there's no telling what minuscule scuffs could be found on the sides, top, and bottom.",FALSE
"Hello,  I'm interested in buying your iPhone 6. However, $155 is a bit too expensive for me. I'm on a budget, and I have bills I have to pay. I can offer you $115 for your iPhone 6.",FALSE
"I'll give you 115. 6 plus is fairly old. IPhone 8 will be out this year.",FALSE
"Hello,  I will pay $115 cash right now. I have been looking for these and your price is a bit steep. Most phones like this being sold used on Craigslist are being sold for about $100. The issue with selling online like this is you don't have a guarantee. Therefore if something is wrong that you are not aware of, most people don't mind spending $100.",FALSE
"Hello. This phone is very well-suited to my needs. I would like to offer $115 for it. Would you accept this?",FALSE
"Hi,  I saw your posting on craiglist for an iPhone. I recently got a new job and need an iPhone for work and I am really excited about this particular phone because it is exactly what I am lookin for. Unfortunately, I am currently on a budget and cannot afford your asking price; is it possible you could lower it? I can do $115 right now.  Thanks.",TRUE
"Hello. I am interested in buying your phone; however, the most I will pay is $115.  It is an older model and Apple will be coming out with a new phone very soon.  The program on the 6 will eventually be running slower.  I will pay you instant cash and give you a great review in return.",FALSE
"Hello. I noticed that you're selling this beautiful phone. I was wondering if you'd be able to sell the phone for less? I only have $115 to spend. Would you be willing to take that right now?",TRUE
"I will pay $115 in cash for the phone if it is still available.  I can pick it up today.  Text me at --------.",FALSE
"Hi I would like to buy your phone. I'm a bit short of cash so I can offer $115. Does that sound good?",TRUE
"Hello,  I am interested in your phone, but I am not willing to pay $155 for it. I have $115 cash that I can pay you today. Let me know if you're interested in my offer. ",FALSE
"Hello,  I hope you are doing well today. I saw your ad for the IPhone 6 Plus that you are selling. I am highly interested in buying this product. I am in a bit of a predicament, I would love to buy this phone from you but I can only offer $115. Are you up to negotiating?   Thank you for your consideration, Paul ",TRUE
"Hello, I am contacting you in regards to the Iphone 6+ you have on Craigslist. I would be willing to offer $115 for the phone as I have seen some offers on here for $130 for similar phones. $115 is the maximum that I can offer and would be able to make the exchange ASAP if you so choose.",FALSE
"I have been monitoring Craigslist for some time, trying to find a 64GB IPhone 6 for use as a work phone.  My employer has allowed me to spend up to $115 for a new work phone.  Would you consider an offer of $115?  Thank you for your time and thoughtful consideration.",TRUE
"Hello,  I am willing to buy your IPhone 6 Plus from you, but I want to negotiate a better deal.  $155 is too high for this device, so I doubt anybody is going to buy it at that price.  Let me buy the device for $115.  You'll certainly won't get a better deal than that.",FALSE
"Hello  I was wondering if I could interest you in selling the device for $115. I really like the phone and the case it comes in. I need a new cell phone and I would greatly appreciate your flexibility. Thanks",TRUE
"I am interested in purchasing the iPhone from you.  I was contacting you to see if you would consider taking $115 for the phone.  To be honest, $115 is my max budget and the phone would really help me out.  I totally understand if you are not willing to go that low, but would appreciate your consideration of the offer.  ",TRUE
"Hi there,  I saw your ad about your phone for sale and I'm willing to take it off of your hands ASAP for $115. I'm willing to drive to you. Yes I do realize this is a little below your original offer, but  as stated earlier I can use my gas to drive to you and put the cash in your hand now.  ",FALSE
"Hello, I'm writing to respond to your ad for the iPhone 6 Plus. Is there any way that you'd be willing to take $115 for it? I've been looking for this phone for such a long time, but my budget is only $115. Thank you so much in advance.",TRUE
"Hi! I am e-mailing to make an offer for your IPhone 6. That's the exact model I have been looking for for a good while. Since the phone isn't technically brand new, I can still offer you $115 effective right away. I hope you will consider this fair offer. At any rate, have a great day. :)",TRUE
"Hello,   I am extremely interested in purchasing this item from you. I need this phone for work and I am willing to purchase it immediately. However, I am only able to pay $115 for it. Unfortunately I have no flexibility in this matter, and am unwilling to negotiate further. If you accept this offer, please let me know and we can begin communicating as to a time and place for pickup/exchange of funds. Please let me know what you decide.   Thanks,   -Buyer",FALSE
"Hello I have been searching for this model and it looks like I have found it.  I have a budget of $115 I am wondering if it is possible to sell this phone to me at that budget price?",TRUE
"Hi, I have the $115 in my pocket right now. If you're willing to sell it I will meet you wherever you want and time.",FALSE
"Hello, I would like to purchase your iPhone for $115 cash, I'll get this to you asap. That's all I have so that's my final offer. Best, Buyer",FALSE
"Good afternoon, I'm contacting you about the IPhone 6 plus. I'm very interested in purchasing the phone, however I'm limited in my budget. I'm currently limited to $115, do you think that there is anyway you may be able to sell it for that price?  Thank you very much.",TRUE
"Will buy this phone for $115. I will pay you prompt with cash if you accept. This is the most I'm willing to go, so please don't try to bicker the price.",FALSE
"While I'm interested in the iPhone that you're offering, the price that you're asking for it is unreasonable. I can offer you $115 and not a penny more. This is a good, solid offer and what the phone is worth. Thank you.",FALSE
"I am responding to your ad about the iPhone.  I am willing to offer you $115 for the phone.  Considering the phone is outdated and used I believe that $115 is a generous offer.",FALSE
"Good Afternoon,  My phone was recently stolen and I am very interested in the Iphone 6 that you are offering. Verizon is my carrier as well so this should be perfect for me. The only catch is that I am in between jobs and a little tight on cash at the moment. Would you be willing to sell this for $115? If so, I'll gladly meet you anywhere that is convenient for you. Thanks!",TRUE
"Hi hun,  I want to buy the phone from you sweetie, but I only have $115. Can you help me?",TRUE
"Hello, I am interested in buying your Iphone 6 Plus. I have $115 and can come pick it up now. Please get back to me as soon as possible to arrange a pick up location.",FALSE
"I will buy this at 115 because I could get it cheaper elsewhere. This is my firm price as I can get it at this price elsewhere. Contact me asap",FALSE
"Good, afternoon! That looks like an awesome phone! I have been looking for just exactly that for my new work phone. However, my company will not authorize me to spend more than $115. If there is any way you can come down in price, please let me know. I sure would love to be able to buy it from you!  Have a great day! Buyer T. Smith",TRUE
"Hello, I am interested in the Iphone 6. I need this phone for work, I can pay $115.",TRUE
"Thanks for taking such good care of this iPhone! It is exactly what I need. I'm getting this for work and the budget limit is $115, not a penny more. I hope you can meet that offer. I can get you the money in cash immediately. I'll stand by for your response.",TRUE
"Hello:  I am writing to see if the iPhone is still for sale? I will offer $115, cash for the phone. Current market value for a used iPhone 6 is $100 so I believe that $115 is fair. ",FALSE
"Hello.  I am very interested in buying your phone. I can offer you $115 for it.  Please let me know if we can arrange this deal.  Thanks!",TRUE
"Hey there! I'm very interested in the Iphone 6. It's exactly what I've been looking for. I was wondering if you'd be willing to take $115?",TRUE
"Hey, I saw you are selling the iPhone for 155 but I would like to buy it today for 115.",TRUE
"Hi  I am interested in the IPhone you have for sale. My best offer is $115. Take it or leave it.",FALSE
"I am very interested in this iPhone. I have done my research and with the current market value I am willing to offer you $115.00 for the phone. I believe this is a great offer within the current sales market of the item.",FALSE
"Good afternoon. I really like your offer for the Iphone but I am not to sure about the price. I would be willing to close the deal today for $115. I am very much looking forward to your response. Thanks. ~R",TRUE
"Hello, this looks like a great phone and the images you provided are great. I also appreciate all the information you provided about the phone, it is very detailed. I would like to make you an offer of $115, and even though it is lower than your asking price I feel it is a good offer. Thank you for offering such a nice phone and I hope we can agree on the price of $115.",TRUE
"I'm in the market for a secondary phone. This is a phone for my child and I'm not going to make too large of an investment on the purchase. I have budgeted $115 for the phone, and am willing to make an offer for that amount. I understand that this is below the asking price, but it's all I can, or will pay for this particular phone. Think about the offer and let me know. Thanks for your time.",FALSE
"I am very interested in this phone, I have been trying to find this phone for a while. I am wondering if you will be interested in selling this phone for 115 dollars. This will be used as a work phone and 115.00 is all my budget allows. I hope you will take my offer in to consideration. Thank you.",TRUE
"Hi esteemed seller :)  I noticed you have posted an ad for a almost new iPhone 6 plus 64GB Factory unlocked new in box, as a iPhone aficionado who is in the market for just the phone, I am very interested in this phone.  I can assure you I will treat the phone well and take good care of it.  Now, the only issue is my budget for a new phone is limited to $115, no more.  I would very much be delighted If you would be willing to leave the phone in my care for just $115.  I will offer the phone a good home and be a good owner to it.",TRUE
"Hi. I am very interested in buying your phone. I only have $115.00 in my budget to spend. Is it possible for you to let me have the phone at this price? I would be most grateful. Thank you.",TRUE
"Hello!!! My name is Bobski the Great and I just saw your ad on Craigslist for that AWESOME looking iPhone. Thing is, I only have $115 to my name. Seriously, that's all I have. Is that enough for you? ",TRUE
"I am interested in your phone. Although it seems to be in good condition, I believe it is only worth $115. This is the maximum I am willing to pay. If you are interested in making a deal let me know. ",FALSE
"Hi,  I'm very interested in your iPhone that you have listed. Is there any way possible that you may be able to come down on the price a bit. I have $115 cash in hand right now if you're interested. Thank you so much for you consideration!  Have a wonderful day!",TRUE
"Good afternoon,  I hope you're doing well! So, I've been searching for this model for awhile, and this looks like it's in very good condition. I'm definitely interested in purchasing it, however, I'm really unable to purchase the phone for any price higher than $115. Therefore, would you be willing to consider lowering the price to $115? I understand if not, but please let me know if you decide to lower the price. Thanks!  ",TRUE
"Hi, how you doing? I'm interested to buy your phone but I have a great deal. I'm hoping that you can give it to me at the price of $115.",FALSE
"Hi Seller,  That is a fantastic looking phone, I have read its reviews online and it looks brand new like you describe in the caption. The Apple Iphone is one of my favorite phones, because it is like holding a work of art. It is a magnificent piece of human achievement in engineering, that not even Star Trek or other science fiction shows could have ever imagined.   I would be really interested in purchasing it from you; however, my budget is a little tight right now: I can only offer you $115.00 for the Iphone 6. Please let me know if you would be interested in further discussing this offer.  Thanks,  TT",TRUE
"Hello, I am interested in the iPhone 6 Plus you have for sale. I am willing to offer you $115 for it. I think this is a fair price and you should take it. $115 is really all this phone is worth and it's a good deal for you. Thank you.",FALSE
"I see that you have an old and used IPhone 6 Plus for sale. $155 is too much for a phone that is nearly two generations old and was released 3 years ago.  I can offer you $115 for the phone.",FALSE
"Hello there.  I was very interested in purchasing your phone you have for sale.  It looks like you took great care of it, and it's just what I need.  I'm on a bit of a strict budget, though, and only have $115 to be able to purchase.",TRUE
"Hello! I am interested in your iPhone. I would be willing to give you $115 for it. Let me know.",FALSE
"Hello, I am interested in purchasing the iPhone you have listed on Craigslist; however, I can only pay $115. No negotiations available. Please contact me if you would like to accept my offer. Given that the phone has been used I believe this is a fair price. ",FALSE
"Hello,  I am interested in purchasing this phone for work purposes but unfortunately have a spending limit of $115 per my company's budget. Is there any way that you would be willing to work with me on this? I really appreciate your time and consideration.   Thank You, Ashleigh.",TRUE
"Hi! I am highly interested in your phone, but I can only spend $115. I can not possibly go another penny over that price! Do you find that price acceptable?",FALSE
"I feel $155 is too much for this phone. I have seen lower prices than your asking price. I will pay $115 and no more.",FALSE
"Hello. This is an outdated model. It looks heavily used. I need this for $115 otherwise it is a waste of my time.",FALSE
"Hello. I can get this same phone for $120 on websites. I will make an offer of $115.",FALSE
"I need to have this down to 115. I have exactly 115 to pay, and that's including gas money to get to you. Take this down to 115 or its NO DEAL.",FALSE
"I think 115 is fair.  I have cash in hand.  You want this money.  I will value the phone.  You will make a friend out of this.  You won't get a better offer.  Take this deal.",TRUE
"Hi, how are you? I saw your ad for the Iphone 6 Plus and I'm very interested. I just got a new job and need to get a good smartphone for it. Is there any way you would take $115 for the phone? It's all the money I have or I would gladly pay more. Please let me know. Thank you",TRUE
"Hi, I would like to offer you 115 for your iPhone 6 as that is my maximum budget. If you message me back in an hour I can meet you somewhere on my lunch as I have the money on me, otherwise it will have to wait for a day or more. This will be a surprise for my daughter; she needs this phone.  Thanks.",FALSE
"I would be willing to buy this from you for $115. These phones are going on eBay for $100, so you'll be lucky to get $115. That's my top offer.",FALSE
"Wow!  That's just the phone I'm looking for, but my budget is only $115.  Would you consider selling it for that price?",TRUE
"Hey, is the phone still available? If so, are you willing to take $115 for it? I am available for pick up as soon as the next hour if you agree to the price. I really need this for work, any deal you can make would be greatly appreciated. ",TRUE
"Hello, I am interested in purchasing your Iphone 6 Plus 64gb  phone, and I am only able to pay $115 for the phone.  I would be greatful if you would consider selling the phone to me for this price.  Please let me know if you are able to do so.  Thank you for your time. ",TRUE
"Hi.  I would like to buy your phone. I am have a firm budget of $115 and cannot negotiate. Does that work for you?",FALSE
"I'm selling this item for 115 and can't go any lower because I really need the money.",FALSE
"Hello, I want to buy the phone listed on Craigslist. However, I only have $115 to spend. I cannot offer you any more than that so $115 is my final price. ",FALSE
"Come on. The price you are offering on a product that ISN'T NEW is unreasonable. Now, I for one am very interested in getting this item. BUT, I will only pay $115. I am not paying a penny more. ",FALSE
"Hello!       I have been looking for a while for a phone exactly like the one you are selling.  I would love to purchase this phone for my work; it is exactly what I need.  Unfortunately, the most I can afford to pay is $115.  Would you please consider selling it to me for that amount?     Thank you for your time reading this, and I hope you consider my offer.",TRUE
"Hi, I am very interested in buying your phone. It is exactly what I have been looking for and I appreciate the fact that you are offering it on Craigslist. Although the price you're offering for seems reasonable and fair, I have a personal problem involving money. As a result I would only be able to offer you $115. I appreciate your kind consideration of my offer.",TRUE
"Hello, I am very interested in your IPhone 6. My job only gave me $115 to buy a phone. Please contact me if you could accept this offer.",TRUE
"Hello I am very interested in the iPhone. I was hoping you would be able to come down in price a bit. I will take it for $115.",TRUE
"Hello I would need this phone so I am willing to offer you 115 bucks. This is the best I can do and I cannot offer anything more. What do you say?",FALSE
"Good afternoon.  I am interested in purchasing your phone. I will offer you $115 and that is the maximum I am willing to go. I think your request of 155 dollars is a bit much considering how old this particular model is.",FALSE
"I am very interested in buying your phone.   It works perfect for what I need.  I am however limited to $115; I would rather not go back trying to haggle as there is no possible way I can spend more than my budget.",FALSE
"I am inquiring about your Iphone 6 plus that you had posted.  I am wanting to buy and I have cash in hand.  The max amount I can offer is $115.  No more, no less.  Let me know. ",FALSE
"Hello, I am very interested in your phone but I have a limited budget. I am willing to offer you my best price of $115 in exchange for the phone. I hope this deal will work for you. Thank you!",TRUE
"Hi! I saw your were selling your IPhone 6 plus and I wanted to let you know I am very interested! Would you please consider an offer of $115? I hope that price is not insulting, it's just the most I can afford right now. I would truly appreciate if you would consider it and let me know if $115 would be okay!   Thank you your time. _     Alyssa  ",TRUE
"Hey, I'm interested in buying your Iphone 6.  I think your price is very reasonable but I can only offer you $115. I hope this is acceptable.",TRUE
"This is the exact phone I have been looking for and I would love to have it. The problem is it is for work and I am only allowed to spend $115 on a new phone. I am hopeful you would be willing to come down on price and accept my offer.",TRUE
"I would like to buy this phone from you but the price is not reasonable.   I found this exact model on eBay for $100 from a reputable seller so I know I can get it cheaper than what you're asking.  This is delivered! I can offer $115 and if I don't hear back from you shortly I'll go ahead and purchase the phone from eBay.",FALSE
"Good afternoon!  I just came across your ad for the iPhone 6 plus on Craigslist. I'm writing to let you know that I'm in the market for the same phone, and I am definitely interested. However, $155 is a bit out of my price range. I was wondering if you would be willing to take a slightly lower amount (about $115) for the phone? Thank you in advance, and I hope to hear from you! :)",TRUE
"Hello, I came across your ad today for the Iphone 6 Plus with 64GB. I have been looking for a phone like this one. After reviewing your ad, I believe I would like to purchase this one. However, I only have a budget of $115 dedicated to purchasing a phone. If I were to purchase this phone, $115 dollars would be my firm offer. I have other options that I am looking at as well. Send me an email back if 115 sounds good to you. Thanks. ",FALSE
"I want the phone but will only pay $115 for it. I will only pay that because its a used phone.  I think this is a reasonable price.",FALSE
"Hi there! I am interested in your phone but don't currently have the amount you are asking. I could go upto $115. Would you be willing to go down to that price? I would really appreciate it!",TRUE
"Hi, I'm really interested in this phone.  I know you are asking for $155 but my budget is really tight and I could only offer $115 for the phone.  I know it's like a $40 dollar short from what you request but instead of just having the listing there without any interest, I will pay for it right away so you don't have to wait for another month or so before getting this phone sold.  Will you be interested in selling it with $115 only?",TRUE
"Hello!  I came across your ad for this great-looking phone and it seems like exactly what I need.  Unfortunately, I simply don't have enough money to meet your asking price, but wanted to make you an offer anyway.  I'd like to extend an offer of $115 for the phone.  I know it's not what you want but it's the absolute highest I can go for you.  If we can't make a deal, I fully understand and appreciate your consideration nonetheless.  Thanks again and I hope to hear from you!",TRUE
"Hello, I am considering buying this phone from you. I will offer you $115 for the phone, take it or leave it. This is your chance to sell the phone quickly and easily today. This is my firm and final price. ",FALSE
"Good morning, I am interested in this iPhone and asking $115 to buy it. I can pick it ASAP till we reach the deal. Please kindly reply me through this number : xxx xxx xxxx. Thanks",TRUE
"This is an awesome product, however I will only pay $115 for this phone. You listed this item as """"Almost New,"""" therefore I feel the price of $155 is unreasonable. So my only offer is $115 and I will not go any higher than that.",FALSE
"I'll give you $115 for this phone. That's what it's selling for from other sellers. I can pick it up immediately.",FALSE
"I will offer you 115, that's all.",FALSE
"Good afternoon! I am interested in purchasing the IPhone 6 in your ad, as it looks like it is in incredible condition! However, I am limited by the amount of money my company has given me to purchase a phone. I can offer you $115 for the phone, as this is the max budget they have given me. Please consider my offer, and let me know if this is acceptable. Thanks for your consideration, and have a wonderful day!",TRUE
"Very cool product but it's not worth $155. Remember, this isn't completely new. So, my only offer is $115. This is fair and accurate for an item you are selling. I will not change my offer at all from $115.",FALSE
"Hi, I would like to offer $115 for the phone. It is not what you're asking for but I believe it to be fair. If you look at similar sales you will see it's a fair price. I cannot go any higher then this. If you are interested, let me know.  Thank you",FALSE
"Hello, I've come across your listing and am very interested. Because I am on a tight budget, I am willing to offer you $115 for the phone. I am aware that this is not your asking price, but it is all I can afford right now. I hope you seriously consider my offer. It would be of great help to me. Thank you very much.",TRUE
"Hello,  This IPHONE 6 Plus 64GB looks like it is in great condition.  I am extremely interested in viewing and or purchasing it from you.  However, without being able to view the phone in person, I am skeptical to pay $155.00  Would you consider selling it to me for $115.00?  If not, I completely understand.  I am happy to pay cash or whichever way best works for you.  Please let me know your thoughts.  I am very eager to negotiate a transaction.  Thank you so much for your time!  Best,  Ali ",TRUE
"Hello there! I am very  interested in your Iphone you have on Craigslist for sale. Unfortunately I only have 115 to spend on a new phone. Would you be willing to negotiate the price with me? Thank you and I look forward to hearing from you.",TRUE
"Hello, the phone is in great condition and it has a good function, so I want to offer you $115.",FALSE
"I am interested in your iPhone 6 Plus, but I would like to offer $115. It is not the newest model, so I think that $115 is a fair price. I think that is easily worth $115.",FALSE
"I would love to purchase your phone. My budget only allows $115 to be spent. If willing, contact me; otherwise, good luck.",FALSE
"Hello, all I have is $115.",TRUE
"Hi, I am interested in purchasing your phone.  I will pay you $115 for it.  Are you interested? ",TRUE
"I'll take your phone 115 dollars cash. Won't go any higher.",FALSE
"I know that you are selling the phone for 155 but right now I have on me 115. And i know people have problem selling these so are we gonna do this?",FALSE
"Hello, Buddy. Wow, you are very awesome for keeping this phone in such pristine condition.  You must be very clean and careful.  I am very impressed.  You seem like the type of person that everybody on planet Earth would like to be friends with.  I recently had to pay for an operation for my sick grandmother to stay alive.  As a result, I can only afford to pay you $115 for the phone.  If you give it to me at that price, I will be forever in your debt.",TRUE
"Hello, I saw your listing for the unlocked Iphone 6 plus. I think you are a good guy; I am a good guy. I was hoping if you could give me the good guy discount for $115. ",TRUE
"i would be willing to buy this phone for 115. I will not go any higher seeing how it's not in the box. Contact be back if you agree.",FALSE
"Hello,  I am interested in the phone you posted. If it's still available I am willing to buy it today for $115 cash.  Thanks.",FALSE
"Hi, I was interested in your phone. The most I can offer you is 115. Let me know.",FALSE
"Hello, I have to buy a phone for work and this one is perfect. I think you have taken great care of this phone and it is like new. The only problem I have is I can only spend $115. Please let me know if we can work something out. ",TRUE
"I can only pay 115$ for it. Let me know if you're interested. I'm non-negotiable on this price.",FALSE
"Hello,   I am interested buying the IPhone 6 Plus 64GB.  I see you are asking $155 for it. I am willing to offer a solid $115 cash firm for the phone. ",FALSE
"I will offer $115 for this used phone. The aesthetics may seem to be new, but the hardware and software on this phone is used.  My price is non negotiable and will not offer more for this used phone. ",FALSE
